{
	"Sources/Methods/TD_001.4dm": {
		"startSelection": 27,
		"endSelection": 27,
		"firstSelectedLine": 6,
		"lastSelectedLine": 6,
		"folding": [],
		"bookmarks": [],
		"stamp": "2022-10-07T12:33:42.236Z"
	},
	"Sources/Methods/TD_002.4dm": {
		"startSelection": 0,
		"endSelection": 0,
		"firstSelectedLine": 1,
		"lastSelectedLine": 1,
		"folding": [],
		"bookmarks": [],
		"stamp": "2022-10-07T13:08:39.825Z"
	},
	"Sources/Methods/TD_003.4dm": {
		"startSelection": 35,
		"endSelection": 35,
		"firstSelectedLine": 6,
		"lastSelectedLine": 6,
		"folding": [],
		"bookmarks": [],
		"stamp": "2022-10-07T13:34:55.817Z"
	},
	"Sources/Methods/TD_003_2.4dm": {
		"startSelection": 9,
		"endSelection": 9,
		"firstSelectedLine": 0,
		"lastSelectedLine": 0,
		"folding": [],
		"bookmarks": [],
		"stamp": "2022-10-07T12:48:53.383Z"
	},
	"Sources/Methods/TD_003_3.4dm": {
		"startSelection": 0,
		"endSelection": 0,
		"firstSelectedLine": 9,
		"lastSelectedLine": 9,
		"folding": [],
		"bookmarks": [],
		"stamp": "2022-10-07T13:32:37.431Z"
	},
	"Sources/Methods/TD_004.4dm": {
		"startSelection": 21,
		"endSelection": 21,
		"firstSelectedLine": 1,
		"lastSelectedLine": 1,
		"folding": [],
		"bookmarks": [],
		"stamp": "2022-10-07T13:36:18.431Z"
	},
	"Sources/Methods/TD_005.4dm": {
		"startSelection": 0,
		"endSelection": 0,
		"firstSelectedLine": 1,
		"lastSelectedLine": 1,
		"folding": [],
		"bookmarks": [],
		"stamp": "2022-10-17T09:00:56.455Z"
	},
	"Sources/Methods/TD_009.4dm": {
		"startSelection": 13,
		"endSelection": 13,
		"firstSelectedLine": 8,
		"lastSelectedLine": 8,
		"folding": [],
		"bookmarks": [],
		"stamp": "2022-10-17T09:50:48.192Z"
	},
	"Sources/Methods/TD_008.4dm": {
		"startSelection": 27,
		"endSelection": 27,
		"firstSelectedLine": 8,
		"lastSelectedLine": 8,
		"folding": [],
		"bookmarks": [],
		"stamp": "2022-10-17T09:46:47.846Z"
	},
	"Sources/Methods/TD_007.4dm": {
		"startSelection": 29,
		"endSelection": 29,
		"firstSelectedLine": 33,
		"lastSelectedLine": 33,
		"folding": [],
		"bookmarks": [],
		"stamp": "2022-10-17T09:32:09.918Z"
	},
	"Sources/Methods/TD_006.4dm": {
		"startSelection": 0,
		"endSelection": 0,
		"firstSelectedLine": 12,
		"lastSelectedLine": 12,
		"folding": [],
		"bookmarks": [],
		"stamp": "2022-10-17T10:01:14.757Z"
	},
	"Sources/Methods/TD_010.4dm": {
		"startSelection": 20,
		"endSelection": 20,
		"firstSelectedLine": 0,
		"lastSelectedLine": 0,
		"folding": [],
		"bookmarks": [],
		"stamp": "2023-01-20T14:13:33.513Z"
	},
	"Sources/Methods/TD_011.4dm": {
		"startSelection": 39,
		"endSelection": 39,
		"firstSelectedLine": 19,
		"lastSelectedLine": 19,
		"folding": [],
		"bookmarks": [],
		"stamp": "2022-11-10T12:16:25.687Z"
	},
	"Sources/Forms/LEGACY_001/ObjectMethods/Bouton.4dm": {
		"startSelection": 20,
		"endSelection": 20,
		"firstSelectedLine": 5,
		"lastSelectedLine": 5,
		"folding": [],
		"bookmarks": [],
		"stamp": "2023-01-11T09:07:29.183Z"
	},
	"Sources/Forms/LEGACY_001/ObjectMethods/List Box.4dm": {
		"startSelection": 49,
		"endSelection": 49,
		"firstSelectedLine": 10,
		"lastSelectedLine": 10,
		"folding": [],
		"bookmarks": [],
		"stamp": "2023-01-11T09:10:35.856Z"
	},
	"Sources/Forms/LEGACY_001/ObjectMethods/Bouton1.4dm": {
		"startSelection": 26,
		"endSelection": 13,
		"firstSelectedLine": 2,
		"lastSelectedLine": 2,
		"folding": [],
		"bookmarks": [],
		"stamp": "2022-11-10T13:59:11.020Z"
	},
	"Sources/Forms/LEGACY_001/ObjectMethods/Bouton2.4dm": {
		"startSelection": 20,
		"endSelection": 20,
		"firstSelectedLine": 1,
		"lastSelectedLine": 1,
		"folding": [],
		"bookmarks": [],
		"stamp": "2023-01-11T09:10:00.764Z"
	},
	"Sources/Forms/LEGACY_001/ObjectMethods/Colonne2.4dm": {
		"startSelection": 0,
		"endSelection": 0,
		"firstSelectedLine": 0,
		"lastSelectedLine": 0,
		"folding": [],
		"bookmarks": [],
		"stamp": "2022-11-30T08:57:24.886Z"
	},
	"Sources/Methods/ui_displayEvenements.4dm": {
		"startSelection": 40,
		"endSelection": 40,
		"firstSelectedLine": 5,
		"lastSelectedLine": 5,
		"folding": [],
		"bookmarks": [],
		"stamp": "2022-11-30T08:42:20.308Z"
	},
	"Sources/Methods/ui_loadEvenements.4dm": {
		"startSelection": 40,
		"endSelection": 40,
		"firstSelectedLine": 2,
		"lastSelectedLine": 2,
		"folding": [],
		"bookmarks": [],
		"stamp": "2022-11-30T08:39:00.122Z"
	},
	"Sources/Forms/LEGACY_001/ObjectMethods/btn_enr.4dm": {
		"startSelection": 20,
		"endSelection": 20,
		"firstSelectedLine": 5,
		"lastSelectedLine": 5,
		"folding": [],
		"bookmarks": [],
		"stamp": "2023-01-11T09:07:29.183Z"
	},
	"Sources/Forms/LEGACY_001/ObjectMethods/btn_sup.4dm": {
		"startSelection": 21,
		"endSelection": 21,
		"firstSelectedLine": 3,
		"lastSelectedLine": 3,
		"folding": [],
		"bookmarks": [],
		"stamp": "2023-01-11T09:16:23.079Z"
	},
	"Sources/Methods/tool_getArguments.4dm": {
		"startSelection": 0,
		"endSelection": 0,
		"firstSelectedLine": 6,
		"lastSelectedLine": 6,
		"folding": [],
		"bookmarks": [],
		"stamp": "2023-01-20T15:09:48.246Z"
	},
	"Sources/Methods/wForm_Inscription.4dm": {
		"startSelection": 42,
		"endSelection": 42,
		"firstSelectedLine": 28,
		"lastSelectedLine": 28,
		"folding": [],
		"bookmarks": [],
		"stamp": "2023-01-25T10:46:04.173Z"
	},
	"Sources/Methods/web_initHome.4dm": {
		"startSelection": 40,
		"endSelection": 40,
		"firstSelectedLine": 3,
		"lastSelectedLine": 3,
		"folding": [],
		"bookmarks": [],
		"stamp": "2023-01-20T15:08:44.528Z"
	},
	"Sources/Methods/web_loadUsers.4dm": {
		"startSelection": 0,
		"endSelection": 0,
		"firstSelectedLine": 0,
		"lastSelectedLine": 0,
		"folding": [],
		"bookmarks": [],
		"stamp": "2023-01-25T10:48:50.699Z"
	},
	"Sources/Methods/web_Deconnexion.4dm": {
		"startSelection": 37,
		"endSelection": 37,
		"firstSelectedLine": 7,
		"lastSelectedLine": 7,
		"folding": [],
		"bookmarks": [],
		"stamp": "2023-01-25T10:57:21.668Z"
	},
	"Sources/Methods/wForm_Connexion.4dm": {
		"startSelection": 27,
		"endSelection": 27,
		"firstSelectedLine": 11,
		"lastSelectedLine": 11,
		"folding": [],
		"bookmarks": [],
		"stamp": "2023-02-03T09:41:12.801Z"
	},
	"Sources/Methods/wForm_MonCompte.4dm": {
		"startSelection": 0,
		"endSelection": 0,
		"firstSelectedLine": 0,
		"lastSelectedLine": 0,
		"folding": [],
		"bookmarks": [],
		"stamp": "2023-02-03T09:43:29.487Z"
	},
	"Sources/Methods/ui_loadUtilisateurs.4dm": {
		"startSelection": 32,
		"endSelection": 32,
		"firstSelectedLine": 2,
		"lastSelectedLine": 2,
		"folding": [],
		"bookmarks": [],
		"stamp": "2023-02-03T13:08:26.677Z"
	},
	"Sources/Forms/ORDA_001/ObjectMethods/List Box.4dm": {
		"startSelection": 6,
		"endSelection": 6,
		"firstSelectedLine": 5,
		"lastSelectedLine": 5,
		"folding": [],
		"bookmarks": [],
		"stamp": "2023-02-03T13:22:22.778Z"
	},
	"Sources/Forms/ORDA_001/method.4dm": {
		"startSelection": 19,
		"endSelection": 19,
		"firstSelectedLine": 2,
		"lastSelectedLine": 2,
		"folding": [],
		"bookmarks": [],
		"stamp": "2023-02-03T13:01:37.321Z"
	},
	"Sources/Forms/ORDA_001/ObjectMethods/Button.4dm": {
		"startSelection": 19,
		"endSelection": 19,
		"firstSelectedLine": 9,
		"lastSelectedLine": 9,
		"folding": [],
		"bookmarks": [],
		"stamp": "2023-02-03T13:25:39.936Z"
	},
	"Sources/Forms/ORDA_001/ObjectMethods/Bouton.4dm": {
		"startSelection": 32,
		"endSelection": 32,
		"firstSelectedLine": 1,
		"lastSelectedLine": 1,
		"folding": [],
		"bookmarks": [],
		"stamp": "2023-02-03T13:23:17.408Z"
	},
	"Sources/Forms/ORDA_001/ObjectMethods/Bouton1.4dm": {
		"startSelection": 23,
		"endSelection": 23,
		"firstSelectedLine": 0,
		"lastSelectedLine": 0,
		"folding": [],
		"bookmarks": [],
		"stamp": "2023-02-03T13:24:27.844Z"
	},
	"Sources/Forms/ORDA_001/ObjectMethods/Bouton2.4dm": {
		"startSelection": 67,
		"endSelection": 67,
		"firstSelectedLine": 0,
		"lastSelectedLine": 0,
		"folding": [],
		"bookmarks": [],
		"stamp": "2023-02-03T13:36:34.478Z"
	},
	"Sources/Forms/ORDA_001/ObjectMethods/Bouton3.4dm": {
		"startSelection": 33,
		"endSelection": 33,
		"firstSelectedLine": 3,
		"lastSelectedLine": 3,
		"folding": [],
		"bookmarks": [],
		"stamp": "2023-02-03T13:26:44.531Z"
	},
	"Sources/Methods/wForm_InscriptionEvenement.4dm": {
		"startSelection": 14,
		"endSelection": 14,
		"firstSelectedLine": 22,
		"lastSelectedLine": 22,
		"folding": [],
		"bookmarks": [],
		"stamp": "2023-02-10T14:30:29.339Z"
	},
	"Sources/Methods/web_getSolde.4dm": {
		"startSelection": 15,
		"endSelection": 15,
		"firstSelectedLine": 6,
		"lastSelectedLine": 6,
		"folding": [],
		"bookmarks": [],
		"stamp": "2023-02-10T15:53:14.772Z"
	},
	"Sources/Methods/wForm_CrediterCompte.4dm": {
		"startSelection": 7,
		"endSelection": 7,
		"firstSelectedLine": 34,
		"lastSelectedLine": 34,
		"folding": [],
		"bookmarks": [],
		"stamp": "2023-02-10T15:40:02.783Z"
	}
}